{
  "navigationFallback": {
    "rewrite": "/index.html",
    "exclude": [
      "/_nuxt/*",
      "/assets/*",
      "/*.js",
      "/*.css",
      "/*.ico",
      "/*.png",
      "/*.svg",
      "/robots.txt",
      "/sitemap.xml"
    ]
  },
  "routes": [
    {
      "route": "/_nuxt/*",
      "headers": { "cache-control": "public, max-age=31536000, immutable" }
    },
    {
      "route": "/assets/*",
      "headers": { "cache-control": "public, max-age=31536000, immutable" }
    },
    {
      "route": "/patterns/*",
      "headers": { "cache-control": "public, max-age=31536000, immutable" }
    },
    { "route": "/*.js",   "headers": { "cache-control": "public, max-age=31536000, immutable" } },
    { "route": "/*.css",  "headers": { "cache-control": "public, max-age=31536000, immutable" } },
    { "route": "/*.png",  "headers": { "cache-control": "public, max-age=31536000, immutable" } },
    { "route": "/*.svg",  "headers": { "cache-control": "public, max-age=31536000, immutable" } },
    { "route": "/*.jpg",  "headers": { "cache-control": "public, max-age=31536000, immutable" } },
    { "route": "/*.webp", "headers": { "cache-control": "public, max-age=31536000, immutable" } },
    { "route": "/*.ico",  "headers": { "cache-control": "public, max-age=31536000, immutable" } }
  ],
  "mimeTypes": {
    ".xml": "application/xml",
    ".png": "image/png",
    ".svg": "image/svg+xml"
  }
}
